"","OTU.ID","Feature.ID","Taxon","Confidence"
"11","OTU_11","AACGTAGGGTGCAAGCGTTGTCCGGAATTACTGGGTGTAAAGGGAGCGCAGGCGGATTGGCAAGTTGGAAGTGAAATCTATGGGCTCAACCCATAAATTGCTTTCAAAACTGTTAGTCTTGAGTGGTGTAGAGGTAGGCGGAATTCCCGG","k__Bacteria; p__Firmicutes; c__Clostridia; o__Clostridiales; f__Ruminococcaceae; g__; s__",0.97177680966069
"44","OTU_44","GACAGAGGATGCAAGCGTTATCCGGAATGATTGGGCGTAAAGCGTCTGTAGGTGGCTTTTCAAGTCCGCCGTCAAATCCCAGGGCTCAACCCTGGACAGGCGGTGGAAACTACCAAGCTGGAGTACGGTAGGGGCAGAGGGAATTTCCGG","k__Bacteria; p__Cyanobacteria; c__Chloroplast; o__Streptophyta; f__; g__; s__",0.999999999954269
"100","OTU_100","GACGGGGGGGGCAAGTGTTCTTCGGAATGACTGGGCGTAAAGGGCACGTAGGCGGTGAATCGGGTTGAAAGTGAAAGTCGCCAAAAAGTGGCGGAATGCTCTCGAAACCAATTCACTTGAGTGAGACAGAGGAGAGTGGAATTTCGTGTG","k__Bacteria; p__Proteobacteria; c__Alphaproteobacteria; o__Rickettsiales; f__mitochondria",0.999999940505704
"208","OTU_208","TACAGAGGTCTCAAGCGTTGTTCGGAATCACTGGGCGTAAAGCGTGCGTAGGCTGTTTCGTAAGTCGTGTGTGAAAGGCGCGGGCTCAACCCGCGGACGGCACATGATACTGCGAGACTAGAGTAATGGAGGGGGAACCGGAATTCTCGG","k__Bacteria; p__Verrucomicrobia; c__Verrucomicrobiae; o__Verrucomicrobiales; f__Verrucomicrobiaceae; g__Akkermansia; s__muciniphila",0.999999999999744
"239","OTU_239","TACATAGGGAGCAAGCGTTATCCGGAATTATTGGGTGTAAAGGGTGCGTAGACGGAGGAACAAGTTAGTTGTGAAATCCCTCGGCTTAACTGAGGAACTGCAACTAAAACTATTCCCCTTGAGTGTCGGAGAGGAAAGTGGAATTCCTAG","k__Bacteria; p__Firmicutes; c__Clostridia; o__Clostridiales; f__; g__; s__",0.990892790749164
"245","OTU_245","TACATAGGGAGCAAGCGTTATCCGGAATTATTGGGTGTAAAGGGTGCGTAGACGGGAAATTAAGTTAGTTGTGAAATCCCTTGGCTTAACTGAGGAACTGCAACTAAAACTGATTTTCTTGAGTACTGGAGAGGAAAGTGGAATTCCTAG","k__Bacteria; p__Firmicutes; c__Clostridia; o__Clostridiales; f__; g__; s__",0.987745122923232
"268","OTU_268","TACATAGGGGGCAAGCGTTATCCGGAATTATTGGGTGTAAAGGGTGCGTAGACGGAAGAACAAGTTGGTTGTGAAATCCCTCGGCTCAACTGAGGAACTGCAACCAAAACTATTCTCCTTGAGTGTCGGAGAGGAAAGTGGAATTCCTAG","k__Bacteria; p__Firmicutes; c__Clostridia; o__Clostridiales; f__; g__; s__",0.987455996269963
"451","OTU_451","TACGGAGGATCCGAGCGTTATCCGGATTTATTGGGTTTAAAGGGAGCGTAGGCGGATTATTAAGTCAGTTGTGAAAGTTTGCGGCTCAACCGTAAAATTGCAGTTGATACTGGTAGTCTTGAGTGCAGCAGAGGTAGGCGGAATTCGTGG","k__Bacteria; p__Bacteroidetes; c__Bacteroidia; o__Bacteroidales; f__Bacteroidaceae; g__Bacteroides",0.999986438583699
"483","OTU_483","TACGGAGGATCCGAGCGTTATCCGGATTTATTGGGTTTAAAGGGAGCGTAGGTGGATTGTTAAGTCAGTTGTGAAAGTTTGCGGCTCAACCGTAAAATTGCAGTTGAAACTGGCAGTCTTGAGTACAGTAGAGGTGGGCGGAATTCGTGG","k__Bacteria; p__Bacteroidetes; c__Bacteroidia; o__Bacteroidales; f__Bacteroidaceae; g__Bacteroides; s__ovatus",0.956222863442381
"880","OTU_880","TACGGAGGATGCGAGCGTTATCCGGATTTATTGGGTTTAAAGGGTGCGCAGGCGGACTCTCAAGTCAGCGGTCAAATCGCGGGGCTCAACCCCGTTCCGCCGTTGAAACTGGGAGCCTTGAGTGCGCGAGAAGTAGGCGGAATGCGTGGT","k__Bacteria; p__Bacteroidetes; c__Bacteroidia; o__Bacteroidales; f__S24-7; g__; s__",0.999981993139309
"924","OTU_924","TACGGAGGATGCGAGCGTTATCCGGATTTATTGGGTTTAAAGGGTGCGTAGGCGGACAGTTAAGTCAGCGGTAAAATTGAGAGGCTCAACCTCTTCCCGCCGTTGAAACTGATTGTCTTGAGTGGGCGAGAAGTATGCGGAATGCGTGGT","k__Bacteria; p__Bacteroidetes; c__Bacteroidia; o__Bacteroidales; f__S24-7; g__; s__",0.999999663271794
"966","OTU_966","TACGGAGGATGCGAGCGTTATCCGGATTTATTGGGTTTAAAGGGTGCGTAGGCGGACTGTCAAGTCAGCGGTAAAATTGAGAGGCTCAACCTCTTCCCGCCGTTGAAACTGGTGGTCTTGAGTGGATGAGAAGTACGCGGAATGCGTGGT","k__Bacteria; p__Bacteroidetes; c__Bacteroidia; o__Bacteroidales; f__S24-7; g__; s__",0.999998547691323
"1040","OTU_1040","TACGGAGGATGCGAGCGTTATCCGGATTTATTGGGTTTAAAGGGTGCGTAGGCGGTCCGTTAAGTCAGCGGTAAAATTGCGGGGCTCAACCCCGTCGAGCCGTTGAAACTGGCAGACTTGAGTTGGCGAGAAGTACGCGGAATGCGCGGT","k__Bacteria; p__Bacteroidetes; c__Bacteroidia; o__Bacteroidales; f__S24-7; g__; s__",0.999999748863889
"1089","OTU_1089","TACGGAGGATGCGAGCGTTATCCGGATTTATTGGGTTTAAAGGGTGCGTAGGTGGTTAATTAAGTCAGCGGTGAAAGTTTGTGGCTCAACCATAAAATTGCCGTTGAAACTGGTTGACTTGAGTATATTTGAGGTAGGCGGAATGCGTGG","k__Bacteria; p__Bacteroidetes; c__Bacteroidia; o__Bacteroidales; f__Porphyromonadaceae; g__Parabacteroides; s__",0.987156449683588
"1153","OTU_1153","TACGGAGGATTCGAGCGTTATCCGGATTTATTGGGTTTAAAGGGAGCGTAGGTGGATTGTTAAGTCAGTTGTGAAAGTTTGCGGCTCAACCGTAAAATTGCAGTTGAAACTGGCAGTCTTGAGTACAGTAGAGGTGGGCGGAATTCGTGG","k__Bacteria; p__Bacteroidetes; c__Bacteroidia; o__Bacteroidales; f__Bacteroidaceae; g__Bacteroides; s__ovatus",0.89262289605162
"1176","OTU_1176","TACGGAGGGGGCGAGCGTTGTTCGGAGTGACTGGGCGTAAAGAGCACGTAGGCGGTGTTGTAAGTCATTAGTCAAAGACTAGAGCTCAACTTTAGTAAGGCTAGTGATACTATAATACTAGAGTATCAGAGAGGATTGCAGAATTCCTGG","k__Bacteria; p__Deferribacteres; c__Deferribacteres; o__Deferribacterales; f__Deferribacteraceae; g__Mucispirillum; s__schaedleri",0.999999954882328
"1206","OTU_1206","TACGGAGGGTGCAAGCGTTAATCGGAATTACTGGGCGTAAAGCGCACGCAGGCGGTCTGTCAAGTCGGATGTGAAATCCCCGGGCTCAACCTGGGAACTGCATTCGAAACTGGCAGGCTAGAGTCTTGTAGAGGGGGGTAGAATTCCAGG","k__Bacteria; p__Proteobacteria; c__Gammaproteobacteria; o__Enterobacteriales; f__Enterobacteriaceae",0.99999986297301
"1309","OTU_1309","TACGTAAGGGGCAAGCGTTATCCGGATTTACTGGGTGTAAAGGGTGAGTAGGCGGTTCGGCAAGTCATATGTGAAATACCTGGGCTCAACCCAGGAACCGCATAAGAAACTGTCGGACTTGAGTACAGGAGAGGTAAGCGGAATTCCCAG","k__Bacteria; p__Firmicutes; c__Clostridia; o__Clostridiales; f__Lachnospiraceae; g__Clostridium; s__piliforme",0.94286251102352
"1390","OTU_1390","TACGTAGGAGGCAAGCGTTATCCGGAATGACTGGGCGTAAAGGGTGCGTAGGTGGTTCAGCAAGTTAGTAGCGTAACTCCGGGGCTCAACCTCGGCACTACTACTAAAACTGTTGAACTTGAGTGCAGGAGGGGCAACTGGAATTCCTAG","k__Bacteria",0.996828993954082
"1393","OTU_1393","TACGTAGGAGGCAAGCGTTATCCGGAATGACTGGGCGTAAAGGGTGCGTAGGTGGTTCGACAAGTTGGTAGCGTAATTCCGGGGCTCAACCTCGGCGCTACTACCAAAACTGTTGGGCTTGAGTGCAGGAGGGGCAGATGGAATTCCTAG","k__Bacteria",0.997086791547357
"1398","OTU_1398","TACGTAGGAGGCAAGCGTTATCCGGAATGACTGGGCGTAAAGGGTGCGTAGGTGGTTTGACAAGTTAGTAGCGTAATTCCGGGGCTCAACTTCGGAACTACTACTAAAACTGTTGGGCTTGAGTGCAGGAGAGGTGAATGGAATTCCTAG","k__Bacteria",0.998390914116971
"1399","OTU_1399","TACGTAGGAGGCAAGCGTTATCCGGAATGACTGGGCGTAAAGGGTGCGTAGGTGGTTTGACAAGTTGGTAGCGTAACTCCGAGGCTTAACCTCGGCACTACTACCAAAACTGTTGGACTCGAGTGCAGGAGGGGCAAATGGAATTCCTAG","k__Bacteria",0.995883467017128
"1427","OTU_1427","TACGTAGGAGGCAAGCGTTATCCGGATTTACTGGGTGTAAAGGGAGCGTAGACGGCAGCGCAAGTCTGAAGTGAAATCCCATGGCTTAACCATGGAACTGCTTTGGAAACTGTGCAGCTGGAGTGCAGGAGAGGTAAGCGGAATTCCTAG","k__Bacteria; p__Firmicutes; c__Clostridia; o__Clostridiales; f__; g__; s__",0.958459271634295
"1452","OTU_1452","TACGTAGGATGCGAGCGTTATCCGGAATTACTGGGTGTAAAGGGAGCGCAGGCGGGACTGCAAGTTGGATGTGAAATGCCGCAGCTTAACTGCGGAGCTGCATCCAAAACTGTAGTTCTTGAGTGGAGTAGAGGCAAGCGGAATTCCGAG","k__Bacteria; p__Firmicutes; c__Clostridia; o__Clostridiales; f__Ruminococcaceae; g__; s__",0.995196740132026
"1475","OTU_1475","TACGTAGGGAGCAAGCGTTATCCGGAATTATTGGGTGTAAAGGGTGCGTAGACGGGACAGCAAGTTAGTTGTGAAAGCCCTCGGCTTAACTGAGGAACTGCAACTAAAACTATTGTTCTTGAGTGCAGGAGAGGAAAGCGGAATTCCTAG","k__Bacteria; p__Firmicutes; c__Clostridia; o__Clostridiales; f__; g__; s__",0.996693509045215
"1483","OTU_1483","TACGTAGGGAGCAAGCGTTATCCGGAATTATTGGGTGTAAAGGGTGCGTAGACGGGAGTCTAAGTTAGTTGTGAAATCCCTCGGCTTAACTGAGGAACTGCAACTAAAACTGGATTTCTTGAGTGCAGGAGAGGAAAGTGGAATTCCTAG","k__Bacteria; p__Firmicutes; c__Clostridia; o__Clostridiales; f__; g__; s__",0.997002132743371
"1505","OTU_1505","TACGTAGGGAGCAAGCGTTATCCGGATTTATTGGGCGTAAAGGGTGCGTAGACGGGAAGGCAAGTTGGTTGTGAAATCCCTCGGCTTAACTGAGGAACTGCAACCAAAACTATCTTTCTTGAGTGCTGGAGAGGAAAGTGGAATTCCTAG","k__Bacteria; p__Firmicutes; c__Clostridia; o__Clostridiales; f__; g__; s__",0.9962676859024
"1512","OTU_1512","TACGTAGGGAGCAAGCGTTATCCGGATTTATTGGGTGTAAAGGGTGCGTAGACGGAGAAGCAAGTTAGTTGTGAAATCCCTCGGCTTAACTGAGGAACTGCAACTAAAACTACTTCCCTTGAGTACTGGAGAGGAAAGTGGAATTCCTAG","k__Bacteria; p__Firmicutes; c__Clostridia; o__Clostridiales; f__; g__; s__",0.998452040807225
"1516","OTU_1516","TACGTAGGGAGCAAGCGTTATCCGGATTTATTGGGTGTAAAGGGTGCGTAGACGGGAAATTAAGTTAGTTGTGAAATCCCTCGGCTCAACTGAGGAACTGCAACTAAAACTGGTTTTCTTGAGTGTTGGAGAGGAAAGCGGAATTCCTAG","k__Bacteria; p__Firmicutes; c__Clostridia; o__Clostridiales; f__; g__; s__",0.999153990467756
"1518","OTU_1518","TACGTAGGGAGCAAGCGTTATCCGGATTTATTGGGTGTAAAGGGTGCGTAGACGGGAAGGCAAGTTAGTTGTGAAATCCCTCGGCTTAACTGAGGAACTGCAACTAAAACTATCTTTCTTGAGTGCTGGAGAGGAAAGTGGAATTCCTAG","k__Bacteria; p__Firmicutes; c__Clostridia; o__Clostridiales; f__; g__; s__",0.999550098958818
"1519","OTU_1519","TACGTAGGGAGCAAGCGTTATCCGGATTTATTGGGTGTAAAGGGTGCGTAGACGGGAAGGCAAGTTGGTTGTGAAATCCCTCGGCTTAACTGAGGAACTGCAACCAAAACTATCTTTCTTGAGTGCTGGAGAGGAAAGTGGAATTCCTAG","k__Bacteria; p__Firmicutes; c__Clostridia; o__Clostridiales; f__; g__; s__",0.998911735783904
"1523","OTU_1523","TACGTAGGGAGCAAGCGTTATCCGGATTTATTGGGTGTAAAGGGTGCGTAGACGGGAAGTCAAGTTAGTTGTGAAATCCCTCGGCTTAACTGAGGAACTGCAACTAAAACTAACTTTCTTGAGTGCTGGAGAGGAAAGTGGAATTCCTAG","k__Bacteria; p__Firmicutes; c__Clostridia; o__Clostridiales; f__; g__; s__",0.998807799688107
"1527","OTU_1527","TACGTAGGGAGCAAGCGTTATCCGGATTTATTGGGTGTAAAGGGTGCGTAGACGGGAATTTAAGTTAGTTGTGAAATCCCTCGGCTTAACTGAGGAACTGCAACTAAAACTGAATTTCTTGAGTGCGGGAGAGGAAAGTGGAATTCCTAG","k__Bacteria; p__Firmicutes; c__Clostridia; o__Clostridiales; f__; g__; s__",0.998804162475107
"1529","OTU_1529","TACGTAGGGAGCAAGCGTTATCCGGATTTATTGGGTGTAAAGGGTGCGTAGACGGGATAACAAGTTAGTTGTGAAACCCCTCGGCTTAACTGAGGAACTGCAACTAAAACTATTATTCTTGAGTGCAGGAGGGGAAAGTGGAATTCCTAG","k__Bacteria; p__Firmicutes; c__Clostridia; o__Clostridiales; f__; g__; s__",0.995223886782257
"1530","OTU_1530","TACGTAGGGAGCAAGCGTTATCCGGATTTATTGGGTGTAAAGGGTGCGTAGACGGGATTACAAGTTGGTTGTGAAACCCCTCAGCTCAACTGAGGAACTGCAACCAAAACTATAATTCTTGAGTGCAGGAGAGGAAAGTGGAATTCCTAG","k__Bacteria; p__Firmicutes; c__Clostridia; o__Clostridiales; f__; g__; s__",0.968882011174813
"1548","OTU_1548","TACGTAGGGAGCAAGCGTTGTCCGGAATTACTGGGCGTAAAGGGCGCGTAGGTGGGCGCTTAAGTCAGGTGTGAAAACTCCGGGCTCAACCTGGAGACTGCACTTGAAACTGGGTGTCTTGAGGGCAGGAGAGGAAAGTGGAATTCCTAG","k__Bacteria; p__Firmicutes; c__Clostridia; o__Clostridiales; f__Dehalobacteriaceae; g__Dehalobacterium; s__",0.999999413997118
"1558","OTU_1558","TACGTAGGGAGCAAGCGTTGTCCGGAATTACTGGGTGTAAAGGGAGCGTAGGCGGGAGGATAAGTTGAATGTGAAATCTATGGGCTCAACCCATAGCTGCGTTCAAAACTGTTCTTCTTGAGTGAAGTAGAGGCAGGCGGAATTCCTAGT","k__Bacteria; p__Firmicutes; c__Clostridia; o__Clostridiales; f__Ruminococcaceae; g__Ruminococcus; s__",0.933454088929079
"1570","OTU_1570","TACGTAGGGAGCAAGCGTTGTCCGGAATTACTGGGTGTAAAGGGAGCGTAGGCGGGATAGTAAGTTGATTGTTAAAACTATCGGCTCAACTGGTAGATGCGATCAAAACTGCAATTCTTGAGTGAAGTAGAGGCAGGCGGAATTCCTAGT","k__Bacteria; p__Firmicutes; c__Clostridia; o__Clostridiales; f__Ruminococcaceae; g__Anaerotruncus; s__",0.984219259524458
"1622","OTU_1622","TACGTAGGGAGCAAGCGTTGTCCGGATTTACTGGGTGTAAAGGGTGCGTAGGCGGCCTTGCAAGTCAGAAGTGAAATCCATGGGCTTAACCCGTGAACTGCTTTTGAAACTGTAGGGCTTGAGTGAAGTAGAGGCAGGCGGAATTCCCGG","k__Bacteria; p__Firmicutes; c__Clostridia; o__Clostridiales; f__Ruminococcaceae; g__Ruminococcus; s__",0.999306208062567
"1626","OTU_1626","TACGTAGGGAGCAAGCGTTGTCCGGATTTACTGGGTGTAAAGGGTGCGTAGGCGGCTTTGCAAGTCAGAAGTGAAATCCATGGGCTTAACCCATGAACTGCTTTTGAAACTGCAGAGCTTGAGTGGAGTAGAGGTAGGCGGAATTCCCGG","k__Bacteria; p__Firmicutes; c__Clostridia; o__Clostridiales; f__Ruminococcaceae; g__Ruminococcus; s__",0.999524003200956
"1632","OTU_1632","TACGTAGGGAGCAAGCGTTGTCCGGATTTACTGGGTGTAAAGGGTGCGTAGGCGGTCTTGCAAGTCAGACGTGAAAACCACAGGCTCAACCTGTGGACTGCGTTTGAAACTGTGGGGCTTGAGTGAAGTAGAGGTAGGCGGAATTCCCGG","k__Bacteria; p__Firmicutes; c__Clostridia; o__Clostridiales; f__Ruminococcaceae; g__Ruminococcus; s__",0.999707138858329
"1678","OTU_1678","TACGTAGGGAGCGAGCGTTATCCGGAATTATTGGGCGTAAAGGGTGCGTAGATGGCACAAAAAGTCTTGTGTAAAAATGCTAGGCTCAACCTAGTAGAGCAAAAGATACTTTTGAGCTAGAGTATGGCAGAGGCAAGTGGAACTACATGT","k__Bacteria; p__Tenericutes; c__Mollicutes; o__Anaeroplasmatales; f__Anaeroplasmataceae; g__Anaeroplasma; s__",0.999999898400054
"1684","OTU_1684","TACGTAGGGAGCGAGCGTTATCCGGAATTATTGGGCGTAAAGGGTGCGTAGATGGTTGATATAAGTCTTTTGTAAAAATGCTAGGCTCAACCTAGTAGGGCAAAAGATACTGATGAACTAGAGTACGGCAGAGGCAAGTGGAACTACATG","k__Bacteria; p__Tenericutes; c__Mollicutes; o__Anaeroplasmatales; f__Anaeroplasmataceae; g__Anaeroplasma; s__",0.999999665072649
"1702","OTU_1702","TACGTAGGGAGCGAGCGTTATCCGGAATTATTGGGTGTAAAGCGTGTGTAGGCGGTGATATAAGTCTAAGGTTTAAGCCCGGAGCTCAACTCCGGATCGCCTTAGAAACTGTAACACTTGAGTATGGTAGAGGTAAACGGAATTTCTAGT","k__Bacteria; p__Tenericutes; c__Mollicutes; o__RF39; f__; g__; s__",0.999603457923888
"1705","OTU_1705","TACGTAGGGAGCGAGCGTTATCCGGAATTATTGGGTGTAAAGGGTGCGTAGACGGGAAAACAAGTTAGTTGTGAAATCCCTCGGCTTAACTGAGGAACTGCAACTAAAACTATTTTTCTTGAGTGCAGGAGAGGTAAGTGGAATTCCTAG","k__Bacteria; p__Firmicutes; c__Clostridia; o__Clostridiales; f__; g__; s__",0.999166308456752
"1707","OTU_1707","TACGTAGGGAGCGAGCGTTATCCGGAATTATTGGGTGTAAAGGGTGCGTAGACGGGAAAGCAAGTTAGTTGTGAAATCCCTCGGCTTAACTGAGGAACTGCAACTAAAACTACTTTTCTTGAGTGCAGGAGAGGTAAGTGGAATTCCTAG","k__Bacteria; p__Firmicutes; c__Clostridia; o__Clostridiales; f__; g__; s__",0.999310084558216
"1744","OTU_1744","TACGTAGGGAGCGAGCGTTATCCGGATTTATTGGGTGTAAAGCGTGTGTAGGCGGTAAATTAAGTCTAAGGTTTAAGCCCGGAGCTCAACTCCGGTTCGCCTTAGAAACTGATTTTCTTGAGTATGGTAGAGGCAAGTGGAATTTCTAGT","k__Bacteria; p__Tenericutes; c__Mollicutes; o__RF39; f__; g__; s__",0.999999366240305
"1747","OTU_1747","TACGTAGGGAGCGAGCGTTATCCGGATTTATTGGGTGTAAAGGGTGCGTAGACGGGAAATTAAGTTAGTTGTGAAATCCCTCGGCTCAACCGAGGAACTGCAACTAAAACTGATATTCTTGAGTACTGGAGAGGAAAGTGGAATTCCTAG","k__Bacteria; p__Firmicutes; c__Clostridia; o__Clostridiales; f__; g__; s__",0.990098429792314
"1753","OTU_1753","TACGTAGGGAGCGAGCGTTATCCGGATTTATTGGGTGTAAAGGGTGCGTAGACGGGTCTACAAGTTAGTTGTGAAATCCCTCGGCTCAACTGAGGAACTGCAGCTAAAACTATAGATCTTGAGTGCAGGAGAGGTAAGTGGAATTCCTAG","k__Bacteria; p__Firmicutes; c__Clostridia; o__Clostridiales; f__; g__; s__",0.992422767009501
"1760","OTU_1760","TACGTAGGGAGCGAGCGTTATCCGGATTTATTGGGTGTAAAGGGTGCGTAGGCGGTAATACAGGTCTTTGGTATAAGCCCGAAGCTTAACTTCGGTAAGCCAGAGAAACCGTATAACTAGAGTATGGTAGAGGCAAGTGGAATTTCTAGT","k__Bacteria; p__Tenericutes; c__Mollicutes; o__RF39; f__; g__; s__",0.999451677197411
"1782","OTU_1782","TACGTAGGGAGCGAGCGTTGTCCGGAATTACTGGGTGTAAAGGGAGCGTAGGCGGGACTGCAAGTTGGGTGTCAAATCTACCGGCTCAACCGGTAGCCGCACTCAAAACTGCAGTTCTTGAGTGAAGTAGAGGCAGGCGGAATTCCTAGT","k__Bacteria; p__Firmicutes; c__Clostridia; o__Clostridiales; f__Ruminococcaceae; g__Ruminococcus; s__",0.95339637513221
"1797","OTU_1797","TACGTAGGGAGCGAGCGTTGTCCGGAATTACTGGGTGTAAAGGGAGCGTAGGCGGGCGAGAAAGTTGAATGTTAAATCTACCGGCTTAACTGGTAGCTGCGTTCAAAACTTCTTGTCTTGAGTGAAGTAGAGGCAGGCGGAATTCCTAGT","k__Bacteria; p__Firmicutes; c__Clostridia; o__Clostridiales; f__Ruminococcaceae; g__Anaerotruncus; s__",0.820783770978241
"1807","OTU_1807","TACGTAGGGAGCGAGCGTTGTCCGGAATTACTGGGTGTAAAGGGAGCGTAGGCGGGCTTGTAAGTTGAATGTCTAATCCACCGGCTCAACCGGTGATCGCGTTCAAAACTGCAGGTCTTGAGTGAAGTAGAGGCAGGCGGAATTCCTAGT","k__Bacteria; p__Firmicutes; c__Clostridia; o__Clostridiales; f__Ruminococcaceae; g__Ruminococcus; s__",0.921039273521147
"1824","OTU_1824","TACGTAGGGAGCGAGCGTTGTCCGGAATTACTGGGTGTAAAGGGAGCGTAGGCGGGGATGCAAGTTGGGTGTTAAATCTACCGGCTCAACTGGTAGTCGCACTCAAAACTGCAGCTCTTGAGTGAAGTAGAGGCAGGCGGAATTCCTAGT","k__Bacteria; p__Firmicutes; c__Clostridia; o__Clostridiales; f__Ruminococcaceae; g__Ruminococcus; s__",0.966424724766408
"1841","OTU_1841","TACGTAGGGAGCGAGCGTTGTCCGGAATTACTGGGTGTAAAGGGAGTGTAGGCGGGATGGTAAGTTAGGTGTGAAATGCGGAGGCTCAACCTCCGAGCTGCACTTAAAACTGCTGTTCTTGAGTGAAGTAGAGGTTGGCGGAATTCCCAG","k__Bacteria; p__Firmicutes; c__Clostridia; o__Clostridiales; f__Ruminococcaceae; g__Ruminococcus",0.83227265335389
"1856","OTU_1856","TACGTAGGGAGCGAGCGTTGTCCGGATTTACTGGGTGTAAAGGGCGTGCAGCCGGGAGTACAAGTCAGATGTGAAATCCCGCGGCTCAACCGCGGAACTGCATTTGAAACTGTATTTCTTGAGTACTGGAGAGGCAGACGGAATTCCTAG","k__Bacteria; p__Firmicutes; c__Clostridia; o__Clostridiales; f__Ruminococcaceae; g__Oscillospira; s__",0.990106591465156
"1872","OTU_1872","TACGTAGGGAGCGAGCGTTGTCCGGATTTACTGGGTGTAAAGGGTGCGTAGGCGGCTCTGCAAGTCAGAAGTGAAATCTATGGGCTTAACCCATAAACTGCTTTTGAAACTGTGGAGCTTGAGTGAAGTAGAGGTAGGCGGAATTCCCGG","k__Bacteria; p__Firmicutes; c__Clostridia; o__Clostridiales; f__Ruminococcaceae; g__Ruminococcus; s__",0.99991514794711
"1875","OTU_1875","TACGTAGGGAGCGAGCGTTGTCCGGATTTACTGGGTGTAAAGGGTGCGTAGGCGGCTTGGCAAGTCAGTAGTGAAATCCATGGGCTTAACCCATGAACTGCTATTGAAACTGTCGAGCTTGAGTGAAGTAGAGGTAGGCGGAATTCCCGG","k__Bacteria; p__Firmicutes; c__Clostridia; o__Clostridiales; f__Ruminococcaceae; g__Ruminococcus; s__",0.999973312381524
"1892","OTU_1892","TACGTAGGGAGCGAGCGTTGTCCGGATTTACTGGGTGTAAAGGGTGCGTAGGCGGGTAAGCAAGTCAGAAGTGAAATCCATGGGCTTAACCCATGAACTGCTTTTGAAACTGTTTATCTTGAGTGAAGTAGAGGTAGGCGGAATTCCCGG","k__Bacteria; p__Firmicutes; c__Clostridia; o__Clostridiales; f__Ruminococcaceae; g__Ruminococcus; s__",0.997455919688529
"1932","OTU_1932","TACGTAGGGGGCAAGCGTTATCCGGAATCACTGGGTGTAAAGGGAGCGTAGACGGCTGAGCAAGCCTGAAGTGAAAGGCGGGGGCCCAACCCCCGGACTGCTTTGGGAACTGTACGGCTGGAGTGCAGGAGAGGTAAGTGGAATTCCTAG","k__Bacteria; p__Firmicutes; c__Clostridia; o__Clostridiales; f__; g__; s__",0.989863766875677
"1938","OTU_1938","TACGTAGGGGGCAAGCGTTATCCGGAATCACTGGGTGTAAAGGGAGCGTAGACGGCTGTGCAAGCCTGAAGTGAAAGGCGGGGGCCCAACCCCCGGACTGCTTTGGGAACTGTACGGCTGGAGTGCAGGAGAGGTAAGTGGAATTCCTAG","k__Bacteria; p__Firmicutes; c__Clostridia; o__Clostridiales; f__; g__; s__",0.989315227666052
"1939","OTU_1939","TACGTAGGGGGCAAGCGTTATCCGGAATCACTGGGTGTAAAGGGAGCGTAGACGGCTGTGCAAGCCTGAAGTGAAAGGCGGGGGCCCAACCCCTGGACTGCTTTGGGAACTGTACGGCTGGAGTGCAGGAGAGGTAAGTGGAATTCCTAG","k__Bacteria; p__Firmicutes; c__Clostridia; o__Clostridiales; f__; g__; s__",0.968840373488889
"1945","OTU_1945","TACGTAGGGGGCAAGCGTTATCCGGAATTACTGGGTGTAAAGGGAGAGTAGGCGGCAAGGTAAGCGATATGTGAAAGCCTTAAGCTTAACTTAAGGATGGCATAACGAACTATCTAGCTAGAGTACAGGAGAGGAAAGCGGAATTCCTAG","k__Bacteria; p__Firmicutes; c__Clostridia; o__Clostridiales",0.825398353862194
"1946","OTU_1946","TACGTAGGGGGCAAGCGTTATCCGGAATTACTGGGTGTAAAGGGAGAGTAGGCGGCAAGGTAAGCGATATGTGAAAGCCTTAAGCTTAACTTAAGGATTGCATAACGAACTATCTAGCTAGAGTACAGGAGAGGAAAGCGGAATTCCTAG","k__Bacteria; p__Firmicutes; c__Clostridia; o__Clostridiales; f__; g__; s__",0.737217129417784
"1947","OTU_1947","TACGTAGGGGGCAAGCGTTATCCGGAATTACTGGGTGTAAAGGGAGAGTAGGCGGCAAGGTAAGCGATATGTGAAAGCCTTAGGCTTAACCAAAGGATTGCATAACGAACTATCTAGCTAGAGTACAGGAGAGGAAAGCGGAATTCCTAG","k__Bacteria; p__Firmicutes; c__Clostridia; o__Clostridiales; f__; g__; s__",0.745867513076946
"1949","OTU_1949","TACGTAGGGGGCAAGCGTTATCCGGAATTACTGGGTGTAAAGGGAGCGTAGACGGCAATGCAAGTCCGGAGTGGAATGCGGCAGCTCAACTGCCGAACTGCTCTGGAAACTGTATGGCTTGAGTGCAGGAGGGGTAAGCGGAATTCCTGG","k__Bacteria; p__Firmicutes; c__Clostridia; o__Clostridiales; f__; g__; s__",0.97034572789385
"1953","OTU_1953","TACGTAGGGGGCAAGCGTTATCCGGAATTACTGGGTGTAAAGGGAGCGTAGACGGTAATGCAAGTCTGGAGTGAAAGGCGGGGGCCCAACCCCCGGACTGCTCTGGAAACTGTGTAACTGGAGTGCAGGAGAGGCAGGCGGAATTCCTAG","k__Bacteria; p__Firmicutes; c__Clostridia; o__Clostridiales; f__; g__; s__",0.993965218988184
"1965","OTU_1965","TACGTAGGGGGCAAGCGTTATCCGGAATTACTGGGTGTAAAGGGTGCGTAGGTGGCATGGTAAGTCAGAAGTGAAAGCCCGGGGCTTAACCCCGGGACTGCTTTTGAAACTGTCATGCTGGAGTGCAGGAGAGGTAAGCGGAATTCCTAG","k__Bacteria; p__Firmicutes; c__Clostridia; o__Clostridiales; f__Lachnospiraceae; g__Coprococcus; s__",0.997401378051213
"1974","OTU_1974","TACGTAGGGGGCAAGCGTTATCCGGAATTATTGGGCGTAAAGAGTACGTAGGTGGCAACTTAAGCGCAGGGTATAAGGCAATGGCTTAACCATTGTTCGCCCTGCGAACTGAGATGCTTGAGTGCAGGAGAGGAAAGCGGAATTCCTAGT","k__Bacteria; p__Firmicutes; c__Clostridia; o__Clostridiales; f__[Mogibacteriaceae]; g__; s__",0.999924018195144
"1990","OTU_1990","TACGTAGGGGGCAAGCGTTATCCGGATTCACTGGGCGTAAAGGGAGCGCAGGCGGCACGGCAAGTCTGGTGTGAAAACCCGGGGCTCAACCCCGGGACTGCATTGGAAACTGCCGGGCTGGAGTGTCGGAGGGGTAAGCGGAATTCCTAG","k__Bacteria; p__Firmicutes; c__Clostridia; o__Clostridiales; f__Lachnospiraceae; g__; s__",0.981390246130476
"1995","OTU_1995","TACGTAGGGGGCAAGCGTTATCCGGATTCACTGGGTGTAAAGGGAGCGTAGACGGCCATGCAAGCCTGGAGTGAAAGCCCGGGGCCCAACCCCGGGACTGCTCTGGGAACTGTGCGGCTGGAGTGCGGGAGGGGCAGGCGGAATTCCTGG","k__Bacteria; p__Firmicutes; c__Clostridia; o__Clostridiales; f__; g__; s__",0.996801258259602
"2056","OTU_2056","TACGTAGGGGGCAAGCGTTATCCGGATTTACTGGGTGTAAAGGGAGCGCAGACGGCAGTGCAAGTCTGGAGTGAAAGCCCGGGGCCCAACCCCGGAACTGCTCTGGAAACTGTGCGGCTAGAGTACTGGAGGGGCAGGCGGAATTCCTAG","k__Bacteria; p__Firmicutes; c__Clostridia; o__Clostridiales; f__; g__; s__",0.906124763684842
"2059","OTU_2059","TACGTAGGGGGCAAGCGTTATCCGGATTTACTGGGTGTAAAGGGAGCGCAGACGGCAGTGCAAGTCTGGAGTGAAAGCCCGGGGCTCAACCCCGGGACTGCTTTGGAAACTGCATAGCTGGAGTGCTGGAGAGGCAAGCGGAATTCCTAG","k__Bacteria; p__Firmicutes; c__Clostridia; o__Clostridiales; f__Lachnospiraceae",0.816394575174081
"2072","OTU_2072","TACGTAGGGGGCAAGCGTTATCCGGATTTACTGGGTGTAAAGGGAGCGCAGGCGGCGTGGCAAGTCAGATGTGAAAACCCGGGGCCCAACCCCGGGAGTGCATTTGAAACTGCCATGCTGGAGTGCCGGAGAGGTAAGCGGAATTCCTAG","k__Bacteria; p__Firmicutes; c__Clostridia; o__Clostridiales; f__; g__; s__",0.85947235139002
"2077","OTU_2077","TACGTAGGGGGCAAGCGTTATCCGGATTTACTGGGTGTAAAGGGAGCGCAGGCGGTATGGCAAGTCAGATGTGAAAACCCAGGGCCCAACCCTGGGACTGCATTTGAAACTGCCATACTGGAGTGCCGGAGAGGTAAGTGGAATTCCTAG","k__Bacteria; p__Firmicutes; c__Clostridia; o__Clostridiales; f__Lachnospiraceae",0.801804698312671
"2088","OTU_2088","TACGTAGGGGGCAAGCGTTATCCGGATTTACTGGGTGTAAAGGGAGCGTAGACGGACTTGCAAGTCTGATGTGAAAATCCGGGGCCCAACCCCGGAACTGCATTGGAAACTGTATATCTAGAGTGTCGGAGAGGCAAGTGGAATTCCTGG","k__Bacteria; p__Firmicutes; c__Clostridia; o__Clostridiales; f__Lachnospiraceae",0.966063132967968
"2101","OTU_2101","TACGTAGGGGGCAAGCGTTATCCGGATTTACTGGGTGTAAAGGGAGCGTAGACGGCAAGGCAAGCCAGAAGTGAAAGGGCAGGGCTCAACCCTGTACATGCTTTTGGAACTGTGGTGCTAGAGTGCAGGAGAGGTAAGTGGAATTCCTAG","k__Bacteria; p__Firmicutes; c__Clostridia; o__Clostridiales",0.999977383397308
"2105","OTU_2105","TACGTAGGGGGCAAGCGTTATCCGGATTTACTGGGTGTAAAGGGAGCGTAGACGGCAATACAAGTCGGAAGTGAAATACCCGGGCTCAACCTGGGAACTGCTTTGGAAACTGTATGGCTGGAGTGCTGGAGAGGTAAGCGGAATTCCTAG","k__Bacteria; p__Firmicutes; c__Clostridia; o__Clostridiales; f__Lachnospiraceae; g__; s__",0.907126077251279
"2107","OTU_2107","TACGTAGGGGGCAAGCGTTATCCGGATTTACTGGGTGTAAAGGGAGCGTAGACGGCACTGCAAGTCCGGAGTGAAAGCCCAAGGCTTAACCATGGGACTGCTCTGGAAACTGTGGAGCTTGAGTGCGGGAGGGGCAGGCGGAATTCCTAG","k__Bacteria; p__Firmicutes; c__Clostridia; o__Clostridiales; f__; g__; s__",0.902597167248733
"2109","OTU_2109","TACGTAGGGGGCAAGCGTTATCCGGATTTACTGGGTGTAAAGGGAGCGTAGACGGCAGAGCAAGTCCGGAGTGAAAGCCCGGGGCCCAACCCCGGGACTGCTCTGGAAACTGTTAAGCTGGAGTGCGGGAGGGGCAGGCGGAATTCCTGG","k__Bacteria; p__Firmicutes; c__Clostridia; o__Clostridiales; f__; g__; s__",0.985998710884245
"2112","OTU_2112","TACGTAGGGGGCAAGCGTTATCCGGATTTACTGGGTGTAAAGGGAGCGTAGACGGCAGAGCAAGTCTGAAGTGAAAGCCCGCGGCCCAACTGCGGGACTGCTTTGGAAACTGCCCGGCTAGAGTGCTGGAGAGGTAAGCGGAATTCCTAG","k__Bacteria; p__Firmicutes; c__Clostridia; o__Clostridiales; f__Lachnospiraceae; g__Moryella; s__",0.866371038392023
"2113","OTU_2113","TACGTAGGGGGCAAGCGTTATCCGGATTTACTGGGTGTAAAGGGAGCGTAGACGGCAGCACAAGTCTGAAGTGAAATGCCGGGGCTTAACCCCGGAACTGCTTTGGAAACTGTGCAGCTAGAGTGCAGGAGAGGTAAGTGGAATTCCTAG","k__Bacteria; p__Firmicutes; c__Clostridia; o__Clostridiales; f__; g__; s__",0.722840042167249
"2118","OTU_2118","TACGTAGGGGGCAAGCGTTATCCGGATTTACTGGGTGTAAAGGGAGCGTAGACGGCAGCGCAAGTCCGAAGTGAAAGCCCGGGGCCCAACCCCGGGACTGCTTTGGAAACTGTGAAGCTGGAGTGCGGGAGGGGCAGGCGGAATTCCTGG","k__Bacteria; p__Firmicutes; c__Clostridia; o__Clostridiales; f__; g__; s__",0.943750745881064
"2120","OTU_2120","TACGTAGGGGGCAAGCGTTATCCGGATTTACTGGGTGTAAAGGGAGCGTAGACGGCAGCGCAAGTCTGAAGTGAAATCCCATGGCTTAACCATGGAACTGCTTTGGAAACTGTGCAGCTGGAGTGCAGGAGAGGTAAGCGGAATTCCTAG","k__Bacteria; p__Firmicutes; c__Clostridia; o__Clostridiales; f__; g__; s__",0.911113939023857
"2121","OTU_2121","TACGTAGGGGGCAAGCGTTATCCGGATTTACTGGGTGTAAAGGGAGCGTAGACGGCAGCGCAAGTCTGAAGTGAAATCCCATGGCTTAACCATGGAACTGCTTTGGAAACTGTGCAGCTGGAGTGCAGGAGAGGTAAGTGGAATTCCTAG","k__Bacteria; p__Firmicutes; c__Clostridia; o__Clostridiales; f__; g__; s__",0.905821911779099
"2122","OTU_2122","TACGTAGGGGGCAAGCGTTATCCGGATTTACTGGGTGTAAAGGGAGCGTAGACGGCAGCGCAAGTCTGAAGTGAAATGCCGGGGCTTAACCCCGGAACTGCTTTGGAAACTGTGCAGCTAGAGTGCAGGAGAGGTAAGTGGAATTCCTAG","k__Bacteria; p__Firmicutes; c__Clostridia; o__Clostridiales",0.999999937833646
"2127","OTU_2127","TACGTAGGGGGCAAGCGTTATCCGGATTTACTGGGTGTAAAGGGAGCGTAGACGGCAGCGCAAGTCTGGAGTGAAATCCCATGGCTTAACCATGGAACTGCTTTGGAAACTGTGCAGCTAGAGTGCAGGAGAGGTAAGCGGAATTCCTAG","k__Bacteria; p__Firmicutes; c__Clostridia; o__Clostridiales; f__; g__; s__",0.944113927168999
"2129","OTU_2129","TACGTAGGGGGCAAGCGTTATCCGGATTTACTGGGTGTAAAGGGAGCGTAGACGGCAGCGCAAGTCTGGAGTGAAATCCCATGGCTTAACCATGGAACTGCTTTGGAAACTGTGCAGCTGGAGTGCAGGAGAGGTAAGCGGAATTCCTAG","k__Bacteria; p__Firmicutes; c__Clostridia; o__Clostridiales; f__; g__; s__",0.969542490775198
"2131","OTU_2131","TACGTAGGGGGCAAGCGTTATCCGGATTTACTGGGTGTAAAGGGAGCGTAGACGGCAGCGCAAGTCTGGAGTGAAATGCCGGGGCCCAACCCCGGAACTGCTTTGGAAACTGTGCAGCTCGAGTGCAGGAGAGGTAAGCGGAATTCCTAG","k__Bacteria; p__Firmicutes; c__Clostridia; o__Clostridiales; f__; g__; s__",0.960574560057269
"2138","OTU_2138","TACGTAGGGGGCAAGCGTTATCCGGATTTACTGGGTGTAAAGGGAGCGTAGACGGCAGGGCAAGTCTGGAGTGAAAGCCCGGGGCCCAACCCCGGGACTGCTTTGGAAACTGCCATGCTGGAGTGCTGGAGAGGTAAGCGGAATTCCTAG","k__Bacteria; p__Firmicutes; c__Clostridia; o__Clostridiales",0.999999979294565
"2140","OTU_2140","TACGTAGGGGGCAAGCGTTATCCGGATTTACTGGGTGTAAAGGGAGCGTAGACGGCAGGGCAAGTCTGGAGTGAAAGGCAGGGGCCCAACCCCTGGACTGCTCTGGAAACTGTCCGGCTGGAGTGCAGGAGAGGTAAGTGGAATTCCTAG","k__Bacteria; p__Firmicutes; c__Clostridia; o__Clostridiales; f__; g__; s__",0.921984447318676
"2147","OTU_2147","TACGTAGGGGGCAAGCGTTATCCGGATTTACTGGGTGTAAAGGGAGCGTAGACGGCATGGCAAGCCAGATGTGAAATACCGGGGCTCAACCCCGGGACTGCATTTGGAACTGTTAAGCTGGAGTGTCGGAGAGGCAGGCGGAATTCCTAG","k__Bacteria; p__Firmicutes; c__Clostridia; o__Clostridiales; f__Lachnospiraceae; g__[Ruminococcus]; s__gnavus",0.999952888650347
"2152","OTU_2152","TACGTAGGGGGCAAGCGTTATCCGGATTTACTGGGTGTAAAGGGAGCGTAGACGGCATGGCAAGTCTGATGTGAAAACCCGGGGCTCAACCCCGGGACTGCATTGGAAACTGTCAGGCTAGAGTGTCGGAGAGGCAAGTGGAATTCCTAG","k__Bacteria; p__Firmicutes; c__Clostridia; o__Clostridiales; f__Lachnospiraceae",0.999848757414199
"2154","OTU_2154","TACGTAGGGGGCAAGCGTTATCCGGATTTACTGGGTGTAAAGGGAGCGTAGACGGCATTGCAAGTCTGATGTGAAAGATTGGGGCTCAACCCCAGGCCTGCATTGGAAACTGTAAAGCTGGAGTACAGGAGAGGTAAGCGGAATTCCTAG","k__Bacteria; p__Firmicutes; c__Clostridia; o__Clostridiales",0.999993418924762
"2160","OTU_2160","TACGTAGGGGGCAAGCGTTATCCGGATTTACTGGGTGTAAAGGGAGCGTAGACGGCGAAGAAAGTCTGAAGTGAAAGCCCGCGGCTCAACCGCGGAACTGCTTTGGAAACTTTTTTGCTGGAGTACCGGAGAGGTAAGCGGAATTCCTAG","k__Bacteria; p__Firmicutes; c__Clostridia; o__Clostridiales; f__Lachnospiraceae; g__; s__",0.811069107035891
"2161","OTU_2161","TACGTAGGGGGCAAGCGTTATCCGGATTTACTGGGTGTAAAGGGAGCGTAGACGGCGAAGCAAGTCTGAAGTGAAAACCCAGGGCTCAACCCTGGGACTGCTTTGGAAACTGTTTTGCTAGAGTGTCGGAGAGGTAAGTGGAATTCCTAG","k__Bacteria; p__Firmicutes; c__Clostridia; o__Clostridiales; f__Lachnospiraceae",0.999329369166144
"2163","OTU_2163","TACGTAGGGGGCAAGCGTTATCCGGATTTACTGGGTGTAAAGGGAGCGTAGACGGCGAAGCAAGTCTGATGTGAAAGGCAGGGGCTCAACCCCTGGACTGCATTGGAAACTGTTTTGCTAGAGTGCCGGAGAGGTAAGCGGAATTCCTAG","k__Bacteria; p__Firmicutes; c__Clostridia; o__Clostridiales; f__Lachnospiraceae; g__Blautia",0.703555637903921
"2169","OTU_2169","TACGTAGGGGGCAAGCGTTATCCGGATTTACTGGGTGTAAAGGGAGCGTAGACGGCGACGCAAGTCTGGAGTGAAAGCCCGGGGCCCAACCCCGGGACTGCTTTGGAAACTGTGCTGCTGGAGTGCAGGAGAGGTAAGTGGAATTCCTAG","k__Bacteria; p__Firmicutes; c__Clostridia; o__Clostridiales",0.999999990024577
"2171","OTU_2171","TACGTAGGGGGCAAGCGTTATCCGGATTTACTGGGTGTAAAGGGAGCGTAGACGGCGATACAAGTCTGAAGTGAAAGCCCGGGGCTCAACCCCGGGACTGCTTTGGAAACTGTGTTGCTGGAGTGCTGGAGAGGCAAGCGGAATTCCTAG","k__Bacteria; p__Firmicutes; c__Clostridia; o__Clostridiales; f__Lachnospiraceae",0.991121654342869
"2172","OTU_2172","TACGTAGGGGGCAAGCGTTATCCGGATTTACTGGGTGTAAAGGGAGCGTAGACGGCGATGCAAGCCAGATGTGAAAGCCCGCGGCTCAACTGCGGTAGTGCATTTGGAACTGTATGGCTGGAGTGCAGGAGAGGCAGGCGGAATTCCTAG","k__Bacteria; p__Firmicutes; c__Clostridia; o__Clostridiales; f__Lachnospiraceae",0.789733527152542
"2179","OTU_2179","TACGTAGGGGGCAAGCGTTATCCGGATTTACTGGGTGTAAAGGGAGCGTAGACGGCGATGCAAGTCTGAAGTGAAAGGCGGGGGCCCAACCCCCGGACTGCTTTGGAAACTGTATGGCTGGAGTGCAGGAGAGGTAAGTGGAATTCCTAG","k__Bacteria; p__Firmicutes; c__Clostridia; o__Clostridiales",0.99999997571379
"2180","OTU_2180","TACGTAGGGGGCAAGCGTTATCCGGATTTACTGGGTGTAAAGGGAGCGTAGACGGCGCGGCAAGTCTGAAGTGAAAGGCAGGGGCTTAACCCCTGAACTGCTTTGGAAACTGCCATGCTAGAGTGCTGGAGAGGTAAGTGGAATTCCTAG","k__Bacteria; p__Firmicutes; c__Clostridia; o__Clostridiales; f__Lachnospiraceae; g__; s__",0.96166150592599
"2183","OTU_2183","TACGTAGGGGGCAAGCGTTATCCGGATTTACTGGGTGTAAAGGGAGCGTAGACGGCGCTGCAAGTCCGGAGTGAAAGCCCATGGCTTAACCATGGTACTGCTCTGGAAACTGTGGAGCTTGAGTGCGGGAGGGGCAGGCGGAATTCCTAG","k__Bacteria; p__Firmicutes; c__Clostridia; o__Clostridiales; f__; g__; s__",0.952047604710918
"2192","OTU_2192","TACGTAGGGGGCAAGCGTTATCCGGATTTACTGGGTGTAAAGGGAGCGTAGACGGCGGTGCAAGCCAGATGTGAAAGCCCGGGGCTCAACCCCGGGACTGCATTTGGAACTGTATGGCTGGAGTGTCGGAGAGGCAGGCGGAATTCCTAG","k__Bacteria; p__Firmicutes; c__Clostridia; o__Clostridiales; f__Lachnospiraceae; g__[Ruminococcus]; s__gnavus",0.999959024800887
"2195","OTU_2195","TACGTAGGGGGCAAGCGTTATCCGGATTTACTGGGTGTAAAGGGAGCGTAGACGGCGGTGCAAGCCAGATGTGAAAGCCCGGGGCTCAACCCCGGGACTGCATTTGGAACTGTGCTGCTAGAGTGTCGGAGAGGCAGGCGGAATTCCTAG","k__Bacteria; p__Firmicutes; c__Clostridia; o__Clostridiales; f__Lachnospiraceae; g__[Ruminococcus]; s__gnavus",0.999982269617049
"2201","OTU_2201","TACGTAGGGGGCAAGCGTTATCCGGATTTACTGGGTGTAAAGGGAGCGTAGACGGCGTGCCAAGTCTGATGTGAAAGGCCGGGGCTCAACCCCGGGACTGCATTGGAAACTGGCATGCTAGAGTGCCGGAGGGGCAAGCGGAATTCCTAG","k__Bacteria; p__Firmicutes; c__Clostridia; o__Clostridiales; f__Lachnospiraceae; g__; s__",0.909776399123488
"2202","OTU_2202","TACGTAGGGGGCAAGCGTTATCCGGATTTACTGGGTGTAAAGGGAGCGTAGACGGCGTGCCAAGTCTGATGTGAAAGGCCGGGGCTCAACCCCGGGACTGCATTGGAAACTGGCATGCTGGAGTGCCGGAGGGGCAAGCGGAATTCCTAG","k__Bacteria; p__Firmicutes; c__Clostridia; o__Clostridiales; f__Lachnospiraceae; g__; s__",0.892939011902348
"2203","OTU_2203","TACGTAGGGGGCAAGCGTTATCCGGATTTACTGGGTGTAAAGGGAGCGTAGACGGCGTGCCAAGTCTGGTGTGAAAGGCCGGGGCTCAACCCCGGGACTGCATTGGAAACTGGCATGCTGGAGTGCCGGAGGGGCAAGCGGAATTCCTAG","k__Bacteria; p__Firmicutes; c__Clostridia; o__Clostridiales; f__Lachnospiraceae; g__; s__",0.893862539653689
"2213","OTU_2213","TACGTAGGGGGCAAGCGTTATCCGGATTTACTGGGTGTAAAGGGAGCGTAGACGGCTGCGCAAGTCTGAAGTGAAAGCCCGGGGCTCAACCCCGGGACTGCTTTGGAAACTGTGTAGCTAGAGTGCTGGAGAGGCAAGCGGAATTCCTAG","k__Bacteria; p__Firmicutes; c__Clostridia; o__Clostridiales; f__Lachnospiraceae; g__Dorea; s__",0.932473006778364
"2220","OTU_2220","TACGTAGGGGGCAAGCGTTATCCGGATTTACTGGGTGTAAAGGGAGCGTAGACGGCTGTACAAGTCTGAAGTGAAAGCCCGTGGCTCAACCGCGGAACTGCTTTGGAAACTGTAAAGCTGGAGTACTGGAGAGGCAGGCGGAATTCCTAG","k__Bacteria; p__Firmicutes; c__Clostridia; o__Clostridiales; f__Lachnospiraceae",0.807449677400529
"2227","OTU_2227","TACGTAGGGGGCAAGCGTTATCCGGATTTACTGGGTGTAAAGGGAGCGTAGACGGCTGTGCAAGCCAGATGTGAAAGCCCGGGGCTCAACCCCGGGACTGCATTTGGAACTGTGTGGCTGGAGTGTCGGAGAGGCAGGCGGAATTCCTAG","k__Bacteria; p__Firmicutes; c__Clostridia; o__Clostridiales; f__Lachnospiraceae; g__[Ruminococcus]; s__gnavus",0.999987182309221
"2239","OTU_2239","TACGTAGGGGGCAAGCGTTATCCGGATTTACTGGGTGTAAAGGGAGCGTAGACGGCTGTGCAAGTCTGAAGTGAAAGCCCAGGGCTCAACCCTGGGACTGCTTTGGAAACTGTGGAGCTAGAGTGCTGGAGAGGTAAGTGGAATTCCTAG","k__Bacteria; p__Firmicutes; c__Clostridia; o__Clostridiales; f__Lachnospiraceae; g__Dorea; s__",0.846736580032056
"2240","OTU_2240","TACGTAGGGGGCAAGCGTTATCCGGATTTACTGGGTGTAAAGGGAGCGTAGACGGCTGTGCAAGTCTGAAGTGAAAGCCCGTGGCTCAACCGCGGAACTGCTTTGGAAACTGTATAGCTTGAGTACTGGAGAGGCAGGCGGAATTCCTAG","k__Bacteria; p__Firmicutes; c__Clostridia; o__Clostridiales; f__Lachnospiraceae",0.887685590975139
"2242","OTU_2242","TACGTAGGGGGCAAGCGTTATCCGGATTTACTGGGTGTAAAGGGAGCGTAGACGGCTGTGCAAGTCTGAAGTGAAAGGCACGGGCTCAACCCGTGGACTGCTTTGGAAACTGTGCGGCTTGAGTGTCGGAGAGGCAGGCGGAATTCCTAG","k__Bacteria; p__Firmicutes; c__Clostridia; o__Clostridiales; f__Lachnospiraceae",0.972542338280157
"2245","OTU_2245","TACGTAGGGGGCAAGCGTTATCCGGATTTACTGGGTGTAAAGGGAGCGTAGACGGCTGTGCAAGTCTGGAGTGAAAGGCACGGGCTCAACCCGTGGACTGCTTTGGAAACTGTGCGGCTTGAGTGTCGGAGAGGCAGGCGGAATTCCTAG","k__Bacteria; p__Firmicutes; c__Clostridia; o__Clostridiales; f__Lachnospiraceae",0.800854684151373
"2248","OTU_2248","TACGTAGGGGGCAAGCGTTATCCGGATTTACTGGGTGTAAAGGGAGCGTAGACGGCTTGGCAAGCCAGATGTGAAAGGCTGGGGCTCAACCCCAGGACTGCATTTGGAACTGTCATGCTAGAGTGTCGGAGAGGCAGGCGGAATTCCTAG","k__Bacteria; p__Firmicutes; c__Clostridia; o__Clostridiales; f__Lachnospiraceae; g__[Ruminococcus]; s__gnavus",0.999954953608586
"2257","OTU_2257","TACGTAGGGGGCAAGCGTTATCCGGATTTACTGGGTGTAAAGGGAGCGTAGACGGTAAGGCAAGTCAGATGTGAAAGCCCGGGGCTCAACCGCGGGACTGCATTTGAAACTGTCCTACTGGAGTGCAGGAGAGGTAAGTGGAATTCCTAG","k__Bacteria; p__Firmicutes; c__Clostridia; o__Clostridiales; f__Lachnospiraceae",0.84879751185262
"2270","OTU_2270","TACGTAGGGGGCAAGCGTTATCCGGATTTACTGGGTGTAAAGGGAGCGTAGACGGTATGGCAAGTCTGATGTGAAAACCCGGGGCTCAACCCCGGGACTGCATTGGAAACTGCCGAACTAGAGTGTCGGAGAGGCAAGTGGAATTCCTAG","k__Bacteria; p__Firmicutes; c__Clostridia; o__Clostridiales; f__Lachnospiraceae",0.998729156861419
"2277","OTU_2277","TACGTAGGGGGCAAGCGTTATCCGGATTTACTGGGTGTAAAGGGAGCGTAGACGGTGAGACAAGTCTGAAGTGAAAGCCCGGGGCTCAACCCCGGGACTGCTTTGGAAACTGCCTGACTGGAGTGCTGGAGAGGCAAGCGGAATTCCTAG","k__Bacteria; p__Firmicutes; c__Clostridia; o__Clostridiales; f__Lachnospiraceae; g__; s__",0.952294029302074
"2285","OTU_2285","TACGTAGGGGGCAAGCGTTATCCGGATTTACTGGGTGTAAAGGGAGCGTAGACGGTGATGCAAGTCAGAAGTGAAAGCCCGGGGCTCAACTCCGGGACTGCTTTTGAAACTGTGTAACTGGAGTGCAGGAGAGGTAAGCGGAATTCCTGG","k__Bacteria; p__Firmicutes; c__Clostridia; o__Clostridiales; f__Lachnospiraceae; g__Coprococcus; s__",0.868588762849115
"2286","OTU_2286","TACGTAGGGGGCAAGCGTTATCCGGATTTACTGGGTGTAAAGGGAGCGTAGACGGTGATGCAAGTCAGAAGTGAAAGCCCGGGGCTCAACTCCGGGACTGCTTTTGAAACTGTGTGACTGGAGTGCAGGAGAGGTAAGCGGAATTCCTGG","k__Bacteria; p__Firmicutes; c__Clostridia; o__Clostridiales; f__Lachnospiraceae; g__Coprococcus; s__",0.815044169224998
"2301","OTU_2301","TACGTAGGGGGCAAGCGTTATCCGGATTTACTGGGTGTAAAGGGAGCGTAGACGGTTATGTAAGTCTGGAGTGAAAGCCCGGGGCCCAACCCCGGGACTGCTTTGGAAACTGTGTAACTGGAGTACAGGAGGGGCAGGCGGAATTCCTGG","k__Bacteria; p__Firmicutes; c__Clostridia; o__Clostridiales; f__; g__; s__",0.891784373347451
"2326","OTU_2326","TACGTAGGGGGCAAGCGTTATCCGGATTTACTGGGTGTAAAGGGAGCGTAGGCGGCCACGCAAGTCAGAAGTGAAAACCCGGGGCTCAACCCTGGGAGTGCTTTTGAAACTGTGCGGCTAGAGTGTCGGAGGGGTAAGTGGAATTCCTAG","k__Bacteria; p__Firmicutes; c__Clostridia; o__Clostridiales; f__Lachnospiraceae",0.940616132642715
"2327","OTU_2327","TACGTAGGGGGCAAGCGTTATCCGGATTTACTGGGTGTAAAGGGAGCGTAGGCGGCCATGCAAGTCAGAAGTGAAAACCCGGGGCTCAACCCTGGGAGTGCTTTTGAAACTGTGCGGCTAGAGTGTCGGAGGGGTAAGTGGAATTCCTAG","k__Bacteria; p__Firmicutes; c__Clostridia; o__Clostridiales; f__Lachnospiraceae; g__Coprococcus; s__",0.702209637341371
"2342","OTU_2342","TACGTAGGGGGCAAGCGTTATCCGGATTTACTGGGTGTAAAGGGAGCGTAGGCGGTTCAGCAAGTCAGAAGTGAAAGCCCGGGGCTCAACTCCGGGACTGCTTTTGAAACTGTTGAACTAGATTGCAGGAGAGGTAAGTGGAATTCCTAG","k__Bacteria; p__Firmicutes; c__Clostridia; o__Clostridiales; f__Lachnospiraceae; g__Coprococcus; s__",0.993211629780919
"2351","OTU_2351","TACGTAGGGGGCAAGCGTTATCCGGATTTACTGGGTGTAAAGGGAGCGTAGGTGGCATGGCAAGCCAGAAGTGAAAACCCGGGGCTTAACCCCGCGGATTGCTTTTGGAACTGTCAGGCTGGAGTGCAGGAGGGGCAGGCGGAATTCCTG","k__Bacteria; p__Firmicutes; c__Clostridia; o__Clostridiales; f__; g__; s__",0.753610963425763
"2361","OTU_2361","TACGTAGGGGGCAAGCGTTATCCGGATTTACTGGGTGTAAAGGGAGCGTAGGTGGCGTGCCAAGTCAGGAGTGAAAACCCAGGGCCCAACCCTGGGACTGCTCTTGAAACTGGCAGGCTTGAGTGCTGGAGAGGTAAGCGGAATTCCTAG","k__Bacteria; p__Firmicutes; c__Clostridia; o__Clostridiales; f__; g__; s__",0.749627886192074
"2389","OTU_2389","TACGTAGGGGGCAAGCGTTATCCGGATTTACTGGGTGTAAAGGGTGCGTAGGTGGCAGGGCAAGTCAGATGTGAAAGCCCGGGGCTCAACCCCGGTACTGCATTTGAAACTGTCCAGCTGGAGTGCAGGAGAGGTAAGCGGAATTCCTAG","k__Bacteria; p__Firmicutes; c__Clostridia; o__Clostridiales; f__Lachnospiraceae; g__Coprococcus; s__",0.972690926463224
"2449","OTU_2449","TACGTAGGGGGCAAGCGTTGTCCGGATTGACTGGGCGTAAAGGGAGCGTAGGCGGTTTGGTAAGTCAAATGTGAAAGCCCGTAGCTTAACTACGGAATTGCATTTGATACTGCTAGACTTGAGTTCAGGAGAGGTAAGTAGAATTCCTAG","k__Bacteria",0.998731944674261
"2508","OTU_2508","TACGTAGGGGGCGAGCGTTATCCGGAATTACTGGGTGTAAAGGGAGCGTAGACGGCGAGGTAAGCCTGAAGTGGAAGCCCGCGGCCCAACCGCGGAACTGCTTTGGGAACTGTTTTGCTGGAGTATGGGAGGGGTAAGCGGAATTCCTGG","k__Bacteria; p__Firmicutes; c__Clostridia; o__Clostridiales; f__; g__; s__",0.965850284501581
"2525","OTU_2525","TACGTAGGGGGCGAGCGTTATCCGGATTCACTGGGTGTAAAGGGAGCGTAGACGGCCATGCAAGCCAGGGGTGAAAGCCCGGGGCCCAACCCCGGGACTGCCCTTGGAACTGCATGGCTGGAGTGCGGGAGGGGCAGGCGGAATTCCTGG","k__Bacteria; p__Firmicutes; c__Clostridia; o__Clostridiales; f__; g__; s__",0.999303948785431
"2571","OTU_2571","TACGTAGGGGGCGAGCGTTATCCGGATTTACTGGGTGTAAAGGGAGCGCAGGCGGCGTGGCAAGTCAGATGTGAAAACCCGGGGCCCAACCCCGGGACTGCATTTGAAACTGCCATGCTGGAGTGCCGGAGAGGCAAGTGGAATTCCTAG","k__Bacteria; p__Firmicutes; c__Clostridia; o__Clostridiales; f__; g__; s__",0.934354223128359
"2573","OTU_2573","TACGTAGGGGGCGAGCGTTATCCGGATTTACTGGGTGTAAAGGGAGCGCAGGCGGCGTGGCAAGTCAGATGTGAAAACCCGGGGCCCAACCCCGGGACTGCATTTGAAACTGCCATGCTGGAGTGCCGGAGAGGTAAGTGGAATTCCTAG","k__Bacteria; p__Firmicutes; c__Clostridia; o__Clostridiales; f__; g__; s__",0.9261794915437
"2577","OTU_2577","TACGTAGGGGGCGAGCGTTATCCGGATTTACTGGGTGTAAAGGGAGCGCAGGCGGCGTGGCAAGTCAGATGTGAAAACCCGGGGCTCAACCCCGGGACTGCATTTGAAACTGCCATGCTGGAGTGCCGGAGAGGTAAGTGGAATTCCTAG","k__Bacteria; p__Firmicutes; c__Clostridia; o__Clostridiales; f__; g__; s__",0.73335556545756
"2597","OTU_2597","TACGTAGGGGGCGAGCGTTATCCGGATTTACTGGGTGTAAAGGGAGCGTAGACGGCCATGCAAGCTCGGTGTGAAAGGTGCGGGCACAACCCGCAGACTGCACTGAGAACTGTATGGCTGGAGTGCCGGAGGGGCAGGCGGAATTCCTGG","k__Bacteria; p__Firmicutes; c__Clostridia; o__Clostridiales; f__; g__; s__",0.954354261306214
"2611","OTU_2611","TACGTAGGGGGCGAGCGTTATCCGGATTTACTGGGTGTAAAGGGAGCGTAGACGGTTCTGCAAGTCTGAAGTGAAAGCCCGTGGCTTAACCGCGGAACGGCTTTGGAAACTGTGGAACTGGAGTGCTGGAGAGGCAAGCGGAATTCCTAG","k__Bacteria; p__Firmicutes; c__Clostridia; o__Clostridiales; f__Lachnospiraceae; g__; s__",0.798174051062133
"2632","OTU_2632","TACGTAGGGGGCGAGCGTTATCCGGATTTATTGGGCGTAAAGCGTGTGTAGGCGGTTTGTTAAGTATAAGATTAAAGCCTGAGGCTCAACCTCAGTTCGTCTTATAAACTGGCAGACTTGAGTATGGTAGAGGCAAGTGGAATTTCTAGT","k__Bacteria; p__Tenericutes; c__Mollicutes; o__RF39; f__; g__; s__",0.999999807053674
"2658","OTU_2658","TACGTAGGGGGCGAGCGTTGTCCGGAATGACTGGGCGTAAAGGGAGTGTAGGCGGCTCTTTAAGTTATATGTGAAATCCCGCGGCTTAACCGTGGAAGTGCATATAAAACTGGGGAGCTGGAGTGCAGGAGAGGTGAGTGGAATTCCTAG","k__Bacteria; p__Firmicutes",0.744430527010635
"2735","OTU_2735","TACGTAGGGTGCAAGCGTTATCCGGATTTACTGGGTGTAAAGGGCGAGTAGACGGCGTTGCAAGTCAGATGTGAAAGGCTAGGGCTCAACCTTAGGAGAGCATCTGAAACTGTAATGCTAGAGTGCAGGAGAGGTAAGCGGAATTCCTAG","k__Bacteria; p__Firmicutes; c__Clostridia; o__Clostridiales",0.961364579319969
"2809","OTU_2809","TACGTAGGTGACAAGCGTTGTCCGGATTTACTGGGTGTAAAGGGCGCGTAGGCGGGATAGCAAGTCAGTCGTGAAATGCCGAGGCTTAACCTCGGAGCTGCGATTGAAACTGTTATTCTTGAGTATCGGAGAGGAAAGCGGAATTCCTAG","k__Bacteria; p__Firmicutes; c__Clostridia; o__Clostridiales; f__Clostridiaceae; g__Clostridium; s__",0.976002335621543
"2837","OTU_2837","TACGTAGGTGGCAAGCGTTATCCGGAATCATTGGGCGTAAAGGGTGCGTAGGTGGCGTACTAAGTCTGTAGTAAAAGGCAATGGCTCAACCATTGTAAGCTATGGAAACTGGTATGCTGGAGTGCAGAAGAGGGCGATGGAATTCCATGT","k__Bacteria; p__Firmicutes; c__Erysipelotrichi; o__Erysipelotrichales; f__Erysipelotrichaceae; g__[Eubacterium]; s__dolichum",0.999999999030578
"2850","OTU_2850","TACGTAGGTGGCAAGCGTTATCCGGAATGATTGGGCGTAAAGGGTGCGCAGGCGGAACCATAAGTCTGAAGTAAAAGCCATCGGCTCAACCGATGTAAGCTTTGGAAACTGTGGATCTGGAGTGCAGGAGAGGACAGTGGAATTCCATGT","k__Bacteria; p__Firmicutes; c__Erysipelotrichi; o__Erysipelotrichales; f__Erysipelotrichaceae; g__; s__",0.947029153628939
"2856","OTU_2856","TACGTAGGTGGCAAGCGTTATCCGGAATGATTGGGCGTAAAGGGTGCGTAGGCGGCAAAATAAGTCTGAAGTAAAAGGCGTTGGCTCAACCAACGTAAGCTTTGGAAACTGTTAAGCTAGCGTGCAGGAGAGGTTAGTGGAATTCCATGT","k__Bacteria; p__Firmicutes; c__Erysipelotrichi; o__Erysipelotrichales; f__Erysipelotrichaceae; g__; s__",0.946608696930666
"2864","OTU_2864","TACGTAGGTGGCAAGCGTTATCCGGAATTACTGGGTGTAAAGGGTGTGTAGGCGGGTTTGCAAGTCAGATGTGAAAATTATGGGCTCAACCCATAACCTGCGTCTGAAACTACAGATCTTGAGAGTGGGAGAGGTAAACGGAATTCCCGG","k__Bacteria; p__Firmicutes; c__Clostridia; o__Clostridiales; f__Ruminococcaceae; g__; s__",0.994303488020036
"2867","OTU_2867","TACGTAGGTGGCAAGCGTTATCCGGAATTATTGGGCGTAAAGAGCGCGCAGGTGGTTAATTAAGTCTGATGTGAAAGCCCACGGCTTAACCGTGGAGGGTCATTGGAAACTGGTTGACTTGAGTGCAGAAGAGGGAAGTGGAATTCCATG","k__Bacteria; p__Firmicutes; c__Bacilli; o__Turicibacterales; f__Turicibacteraceae; g__Turicibacter; s__",0.999983334957486
"2871","OTU_2871","TACGTAGGTGGCAAGCGTTATCCGGAATTATTGGGCGTAAAGAGGGAGCAGGCGGCAGCAAAGGTCTGTGGTGAAAGACTGAAGCTTAACTTCAGTAAGCCATAGAAACCAGGCAGCTAGAGTGCAGGAGAGGATCGTGGAATTCCATGT","k__Bacteria; p__Firmicutes; c__Erysipelotrichi; o__Erysipelotrichales; f__Erysipelotrichaceae; g__; s__",0.841829544999952
"2912","OTU_2912","TACGTAGGTGGCAAGCGTTATCCGGATTTACTGGGTGTAAAGGGCGAGTAGGCGGGATTGCAAGTCAGATGTGAAAACTATGGGCTCAACCGATAGAGTGCATTTGAAACTGCAGTTCTTGAGTGATGGAGAGGCAGGCGGAATTCCCGG","k__Bacteria; p__Firmicutes; c__Clostridia; o__Clostridiales; f__Ruminococcaceae",0.999825114259954
"2929","OTU_2929","TACGTAGGTGGCAAGCGTTATCCGGATTTACTGGGTGTAAAGGGCGTGTAGGCGGGAAAGCAAGTCAGATGTGAAAACCATGGGCTCAACCTGTGGCCTGCATTTGAAACTGTTTTTCTTGAGTACTGGAGAGGCAGACGGAATTCCTAG","k__Bacteria; p__Firmicutes; c__Clostridia; o__Clostridiales; f__Ruminococcaceae; g__Oscillospira; s__",0.99993754452231
"2933","OTU_2933","TACGTAGGTGGCAAGCGTTATCCGGATTTACTGGGTGTAAAGGGCGTGTAGGCGGGACTGCAAGTCAGATGTGAAAACCACGGGCTCAACCTGTGGCCTGCATTTGAAACTGTAGTTCTTGAGTACTGGAGAGGCAGACGGAATTCCTAG","k__Bacteria; p__Firmicutes; c__Clostridia; o__Clostridiales; f__Ruminococcaceae; g__Oscillospira; s__",0.999986391900656
"2935","OTU_2935","TACGTAGGTGGCAAGCGTTATCCGGATTTACTGGGTGTAAAGGGCGTGTAGGCGGGACTGCAAGTCAGATGTGAAAACCATGGGCTCAACCTGTGGCCTGCATTTGAAACTGTAGTTCTTGAGTACTGGAGAGGCAGACGGAATTCCTAG","k__Bacteria; p__Firmicutes; c__Clostridia; o__Clostridiales; f__Ruminococcaceae; g__Oscillospira; s__",0.999936726955849
"2940","OTU_2940","TACGTAGGTGGCAAGCGTTATCCGGATTTACTGGGTGTAAAGGGCGTGTAGGCGGGACTGCAAGTCAGATGTGAAAATTATGGGCTCAACCCATAACCTGCATTTGAAACTGTAGTTCTTGAGTGATGGAGAGGCAGGCGGAATTCCGTG","k__Bacteria; p__Firmicutes; c__Clostridia; o__Clostridiales; f__Ruminococcaceae; g__Oscillospira; s__",0.997372127272766
"2961","OTU_2961","TACGTAGGTGGCAAGCGTTATCCGGATTTACTGGGTGTAAAGGGCGTGTAGGCGGGAGAGCAAGTCAGACGTGAAATTCCAGGGCTCAACCCTGGAACTGCGTTTGAAACTGTTCTTCTTGAGTGATGGAGAGGCAGGCGGAATTCCGGG","k__Bacteria; p__Firmicutes; c__Clostridia; o__Clostridiales; f__Ruminococcaceae; g__Oscillospira; s__",0.997197949788836
"2962","OTU_2962","TACGTAGGTGGCAAGCGTTATCCGGATTTACTGGGTGTAAAGGGCGTGTAGGCGGGAGAGCAAGTCAGACGTGAAATTCCAGGGCTCAACCCTGGAACTGCGTTTGAAACTGTTCTTCTTGAGTGATGGAGAGGCAGGCGGAATTCCGTG","k__Bacteria; p__Firmicutes; c__Clostridia; o__Clostridiales; f__Ruminococcaceae; g__Oscillospira; s__",0.998038058146256
"2972","OTU_2972","TACGTAGGTGGCAAGCGTTATCCGGATTTACTGGGTGTAAAGGGCGTGTAGGCGGGGAAGCAAGTCAGATGTGAAAACCACGGGCTCAACCTGTGGCCTGCATTTGAAACTGTTTTTCTTGAGTGCTGGAGAGGCAATCGGAATTCCGTG","k__Bacteria; p__Firmicutes; c__Clostridia; o__Clostridiales; f__Ruminococcaceae; g__Oscillospira; s__",0.999981372987604
"2982","OTU_2982","TACGTAGGTGGCAAGCGTTATCCGGATTTATTGGGCGTAAAGAGAACGCAGGCGGTCTTTTAAGTCTGATGTGAAAGCCTTCGGCTTAACCGGAGTAGTGCATTGGAAACTGGGAGACTTGAGTGCAGAAGAGGAGAGTGGAACTCCATG","k__Bacteria; p__Firmicutes; c__Bacilli; o__Lactobacillales; f__Lactobacillaceae; g__Lactobacillus; s__",0.706450302951366
"2994","OTU_2994","TACGTAGGTGGCAAGCGTTATCCGGATTTATTGGGCGTAAAGGGAACGCAGGCGGTCTTTTAAGTCTGATGTGAAAGCCTTCGGCTTAACCGGAGTAGTGCATTGGAAACTGGGAGACTTGAGTGCAGAAGAGGAGAGTGGAACTCCATG","k__Bacteria; p__Firmicutes; c__Bacilli; o__Lactobacillales; f__Lactobacillaceae; g__Lactobacillus",0.999478905704434
"3007","OTU_3007","TACGTAGGTGGCAAGCGTTATCCGGATTTATTGGGTGTAAAGGGCGTGTAGGCGGGAAAGCAAGTCAGATGTGAAAACTCAGGGCTCAACCCTGAGCCTGCATTTGAAACTGTTTTTCTTGAGTGCTGGAGAGGCAATCGGAATTCCGTG","k__Bacteria; p__Firmicutes; c__Clostridia; o__Clostridiales; f__Ruminococcaceae; g__Oscillospira; s__",0.999989858797072
"3009","OTU_3009","TACGTAGGTGGCAAGCGTTATCCGGATTTATTGGGTGTAAAGGGCGTGTAGGCGGGAATGCAAGTCAGATGTGAAAACTATGGGCTCAACCCATAGCCTGCATTTGAAACTGTATTTCTTGAGTGCTGGAGAGGCAATCGGAATTCCGTG","k__Bacteria; p__Firmicutes; c__Clostridia; o__Clostridiales; f__Ruminococcaceae; g__Oscillospira; s__",0.99991443626392
"3010","OTU_3010","TACGTAGGTGGCAAGCGTTATCCGGATTTATTGGGTGTAAAGGGCGTGTAGGCGGGAATGCAAGTCAGATGTGAAAACTCAGGGCTCAACCCTGAGCCTGCATTTGAAACTGTATTTCTTGAGTGCTGGAGAGGCAATCGGAATTCCGTG","k__Bacteria; p__Firmicutes; c__Clostridia; o__Clostridiales; f__Ruminococcaceae; g__Oscillospira; s__",0.999986844306655
"3015","OTU_3015","TACGTAGGTGGCAAGCGTTATCCGGATTTATTGGGTGTAAAGGGCGTGTAGGCGGGAGCGCAAGTCAGATGTGAAAACTCAGGGCTCAACCCTGAGCCTGCATTTGAAACTGTGTTTCTTGAGTGCTGGAGAGGCAATCGGAATTCCGTG","k__Bacteria; p__Firmicutes; c__Clostridia; o__Clostridiales; f__Ruminococcaceae; g__Oscillospira; s__",0.999979548344964
"3045","OTU_3045","TACGTAGGTGGCAAGCGTTGTCCGGAATTACTGGGTGTAAAGGGAGCGTAGGCGGGAAAGCAAGTTGAATGTTTAAGGTACGGGCTCAACCTGTACAAGCGTTCAAAACTGTTTTTCTTGAGTGGAGTAGAGGTAAGCGGAATTCCTAGT","k__Bacteria; p__Firmicutes; c__Clostridia; o__Clostridiales; f__Ruminococcaceae; g__; s__",0.957971110073585
"3076","OTU_3076","TACGTAGGTGGCAAGCGTTGTCCGGAATTACTGGGTGTAAAGGGAGCGTAGGCGGGATGTCAAGTCAGAAGTGAAAATTATGGGCTCAACTCATAACCTGCTTTTGAAACTGATATTCTTGAGTGAAGTAGAGGCAAGCGGAATTCCTAG","k__Bacteria; p__Firmicutes; c__Clostridia; o__Clostridiales; f__Ruminococcaceae; g__Ruminococcus; s__",0.960491185328715
"3123","OTU_3123","TACGTAGGTGGCAAGCGTTGTCCGGATTTACTGGGTGTAAAGGGCGTGCAGCCGGAGAGACAAGTCAGATGTGAAATCCACAGGCTCAACCTGTGAACTGCATTTGAAACTGTTTCCCTTGAGTATCGGAGAGGTCATCGGAATTCCTAG","k__Bacteria; p__Firmicutes; c__Clostridia; o__Clostridiales; f__Ruminococcaceae; g__Oscillospira; s__",0.999636809946545
"3124","OTU_3124","TACGTAGGTGGCAAGCGTTGTCCGGATTTACTGGGTGTAAAGGGCGTGCAGCCGGAGAGACAAGTCAGATGTGAAATCCACGGGCTCAACCCGTGAACTGCATTTGAAACTGTTTCCCTTGAGTGTCGGAGAGGTAATCGGAATTCCTTG","k__Bacteria; p__Firmicutes; c__Clostridia; o__Clostridiales; f__Ruminococcaceae; g__Oscillospira; s__",0.999560108752077
"3128","OTU_3128","TACGTAGGTGGCAAGCGTTGTCCGGATTTACTGGGTGTAAAGGGCGTGCAGCCGGAGAGACAAGTCAGATGTGAAATCCGCGGGCTCAACCCGCGAACTGCATTTGAAACTGTTTCCCTTGAGTATCGGAGAGGTCATCGGAATTCCTAG","k__Bacteria; p__Firmicutes; c__Clostridia; o__Clostridiales; f__Ruminococcaceae; g__Oscillospira; s__",0.999944776664333
"3131","OTU_3131","TACGTAGGTGGCAAGCGTTGTCCGGATTTACTGGGTGTAAAGGGCGTGCAGCCGGGAAGACAAGTCAGATGTGAAATCCCGCGGCTCAACCGCGGAACTGCATTTGAAACTGTTTTTCTTGAGTACCGGAGAGGTCATCGGAATTCCTTG","k__Bacteria; p__Firmicutes; c__Clostridia; o__Clostridiales; f__Ruminococcaceae; g__Oscillospira; s__",0.99993058372847
"3132","OTU_3132","TACGTAGGTGGCAAGCGTTGTCCGGATTTACTGGGTGTAAAGGGCGTGCAGCCGGGAAGACAAGTCAGATGTGAAATCCCGCGGCTCAACCGCGGAACTGCATTTGAAACTGTTTTTCTTGAGTATCGGAGAGGTAACCGGAATTCCTAG","k__Bacteria; p__Firmicutes; c__Clostridia; o__Clostridiales; f__Ruminococcaceae; g__Oscillospira; s__",0.997638631411422
"3140","OTU_3140","TACGTAGGTGGCAAGCGTTGTCCGGATTTACTGGGTGTAAAGGGCGTGCAGCCGGGCTGACAAGTCAGATGTGAAATCCCGCGGCTCAACCGCGGAACTGCATTTGAAACTGTCAGTCTTGAGTACCGGAGAGGTCATCGGAATTCCTTG","k__Bacteria; p__Firmicutes; c__Clostridia; o__Clostridiales; f__Ruminococcaceae; g__Oscillospira; s__",0.999942226947344
"3148","OTU_3148","TACGTAGGTGGCAAGCGTTGTCCGGATTTACTGGGTGTAAAGGGCGTGCAGCCGGGTTTATAAGTCAGATGTGAAATCCCGCGGCTCAACCGCGGAACTGCATTTGAAACTGTAGATCTTGAGTACTGGAGAGGCAGGCGGAATTCCTAG","k__Bacteria; p__Firmicutes; c__Clostridia; o__Clostridiales; f__Ruminococcaceae; g__Oscillospira; s__",0.982774872431912
"3155","OTU_3155","TACGTAGGTGGCAAGCGTTGTCCGGATTTACTGGGTGTAAAGGGCGTGTAGCCGGGCTGACAAGTCAGATGTGAAATCCGGGGGCTCAACCCCCGAACTGCATTTGAAACTGTTGGTCTTGAGTATCGGAGAGGCAGGCGGAATTCCTAG","k__Bacteria; p__Firmicutes; c__Clostridia; o__Clostridiales; f__Ruminococcaceae; g__Oscillospira; s__",0.930328257860512
"3158","OTU_3158","TACGTAGGTGGCAAGCGTTGTCCGGATTTACTGGGTGTAAAGGGCGTGTAGCCGGGCTGACAAGTCAGATGTGAAATTCCGGGGCTCAACCCCGGACCTGCATTTGAAACTGTTGGTCTTGAGTATCGGAGAGGCAGGCGGAATTCCTAG","k__Bacteria; p__Firmicutes; c__Clostridia; o__Clostridiales; f__Ruminococcaceae; g__Oscillospira; s__",0.851752091189654
"3161","OTU_3161","TACGTAGGTGGCAAGCGTTGTCCGGATTTACTGGGTGTAAAGGGCGTGTAGCCGGGTTGACAAGTCAGATGTGAAATCCTGCGGCTTAACCGCAGAACTGCATTTGAAACTGTTGATCTTGAGTACTGGAGAGGCAGACGGAATTCCTAG","k__Bacteria; p__Firmicutes; c__Clostridia; o__Clostridiales; f__Ruminococcaceae; g__Oscillospira; s__",0.952128110327294
"3168","OTU_3168","TACGTAGGTGGCAAGCGTTGTCCGGATTTACTGGGTGTAAAGGGCGTGTAGGCGGAGCTGCAAGTCAGATGTGAAATCCCGGGGCTCAACCCCGGAACTGCATTTGAAACTGTAGCCCTTGAGTATCGGAGAGGCAGGCGGAATTCCTAG","k__Bacteria; p__Firmicutes; c__Clostridia; o__Clostridiales; f__Ruminococcaceae; g__; s__",0.972381619444033
"3193","OTU_3193","TACGTAGGTGGCAAGCGTTGTCCGGATTTATTGGGCGTAAAGCGAGCGCAGGCGGTTTCTTAAGTCTGATGTGAAAGCCCCCGGCTCAACCGGGGAGGGTCATTGGAAACTGGGAGACTTGAGTGCAGAAGAGGAGAGTGGAATTCCATG","k__Bacteria; p__Firmicutes; c__Bacilli; o__Lactobacillales; f__Enterococcaceae; g__Enterococcus; s__",0.926788992671089
"3208","OTU_3208","TACGTAGGTGGCAAGCGTTGTCCGGATTTATTGGGCGTAAAGCGAGTGCAGGCGGTTCAATAAGTCTGATGTGAAAGCCTTCGGCTCAACCGGAGAATTGCATCAGAAACTGTTGAACTTGAGTGCAGAAGAGGAGAGTGGAACTCCATG","k__Bacteria; p__Firmicutes; c__Bacilli; o__Lactobacillales; f__Lactobacillaceae; g__Lactobacillus; s__",0.999554546667173
"3244","OTU_3244","TACGTAGGTGGCGAGCGTTATCCGGAATTATTGGGCGTAAAGAGGGAGCAGGCGGCAGCTAAGGTCTGCGGTGAAAGCCCGAAGCTAAACTTCGGTAAGCCGTGGAAACCGAGCAGCTAGAGTGCAGTAGAGGATCGTGGAATTCCATGT","k__Bacteria; p__Firmicutes; c__Erysipelotrichi; o__Erysipelotrichales; f__Erysipelotrichaceae; g__Coprobacillus; s__",0.999989786365069
"3247","OTU_3247","TACGTAGGTGGCGAGCGTTATCCGGAATTATTGGGCGTAAAGAGTGCGCAGGCGGTTTGATAAGTCTAAAATAAAAGCCCGAAGCTTAACTTCGGTTCGTTTTAGAAACTGTCAGACTAGAGTGTGGTAGAGGCAAATGGAATTTCTAGT","k__Bacteria; p__Tenericutes; c__Mollicutes; o__RF39; f__; g__; s__",0.999797565433262
"3275","OTU_3275","TACGTAGGTGGCGAGCGTTATCCGGATTTATTGGGCGTAAAGCGTCCGCAGCCGGTTTATTAAGTATAGAATAAAACTTCGGGGCTCAACCCCGTCTCGTTCTATAAACTGATAGACTAGAGTGTGGTAGAGGCAAGTGGAATTTCTAGT","k__Bacteria; p__Tenericutes; c__Mollicutes; o__RF39; f__; g__; s__",0.999848035310413
"3276","OTU_3276","TACGTAGGTGGCGAGCGTTATCCGGATTTATTGGGCGTAAAGCGTGCGCAGGCGGCTTATTAAGTCTAAGATTAAAGCCCGGAGCTTAACTCCGGTTCGTCTTAGAAACTGGTAGGCTTGAGTATGGTAGAGGCAAACGGAATTCCTAGT","k__Bacteria; p__Tenericutes; c__Mollicutes; o__RF39; f__; g__; s__",0.99999933294985
"3281","OTU_3281","TACGTAGGTGGCGAGCGTTATCCGGATTTATTGGGCGTAAAGCGTGCGCAGGCGGTTTGTTAAGTCTAAAATTAAAGTCCGAAGCTTAACTTCGGTTCGTTTTAGAAACTGGCAGGCTTGAGTATGGTAGAGGCAAACGGAATTTCTAGT","k__Bacteria; p__Tenericutes; c__Mollicutes; o__RF39; f__; g__; s__",0.999999874236359
"3283","OTU_3283","TACGTAGGTGGCGAGCGTTATCCGGATTTATTGGGCGTAAAGCGTGCGCAGGCGGTTTGTTAGGTCTAAAATTAAAGTCCGAAGCTTAACTTCGGTTCGTTTTAGAAACCGGCAGGCTTGAGTATGGTAGAGGTAAACGGAATTTCTAGT","k__Bacteria; p__Tenericutes; c__Mollicutes; o__RF39; f__; g__; s__",0.999994015665422
"3300","OTU_3300","TACGTAGGTGGCGAGCGTTGTCCGGAATGACTGGGCGTAAAGGGAGCGTAGGTTGTTGTTTAAGTTAAATGTGAAAGCCCGCGGCTCAACTGCGGAACTGCATTTAATACTGGACAACTAGAGTGCAGGAGGGGTAAGCGGAATTCCTAG","k__Bacteria; p__Firmicutes; c__Clostridia; o__Clostridiales",0.790280303451681
"3388","OTU_3388","TACGTATGGAGCAAGCGTTATCCGGATTTACTGGGTGTAAAGGGAGAGTAGGTGGCAGAGCAAGTCCGAAGTGAAAACCCAAAGCTCAACTATGGGAATGCTTTAGAAACTGCTCAGCTAGAGTGCAGGAGAGGCAAGTGGAATTCTTAG","k__Bacteria; p__Firmicutes; c__Clostridia; o__Clostridiales",0.930364704766395
"3393","OTU_3393","TACGTATGGAGCAAGCGTTATCCGGATTTACTGGGTGTAAAGGGAGCGTAGGCGGTAAGGCAAGTCTGATGTGAAAGGCCAGGGCTCAACCCTGGGACTGCATTGGAAACTGTTTAACTGGAGTGTCGGAGAGGCAAGTGGAATTCCTAG","k__Bacteria; p__Firmicutes; c__Clostridia; o__Clostridiales; f__Lachnospiraceae",0.996303781141185
"3409","OTU_3409","TACGTATGGGGCAAGCGTTATCCGGATTTACTGGGTGTAAAGGGAGCGCAGGCGGCCTGCCAAGTCTGGTGTGAAAACCCGGGGCCCAACCCCGGGCCTGCATTGGAAACTGGCGGGCTGGAGTGTCGGAGGGGCAGGCGGAATTCCTAG","k__Bacteria; p__Firmicutes; c__Clostridia; o__Clostridiales; f__Lachnospiraceae; g__; s__",0.876946802835689
"3417","OTU_3417","TACGTATGGGGCAAGCGTTATCCGGATTTACTGGGTGTAAAGGGAGCGTAGGCGGCAGGGCAAGCCTGATGTGAAAGCCCGGGGCTCAACCCCGGGACTGCATTGGGAACTGCCCCGCTCGAGTGCCGGAGGGGCAGGCGGAATTCCTAG","k__Bacteria; p__Firmicutes; c__Clostridia; o__Clostridiales; f__Lachnospiraceae; g__; s__",0.924929206708368
"3418","OTU_3418","TACGTATGGGGCAAGCGTTATCCGGATTTACTGGGTGTAAAGGGAGCGTAGGCGGCAGGGCAAGCCTGATGTGAAAGCCCGGGGCTCAACCCCGGGACTGCATTGGGAACTGCCCTGCTGGAGTGCCGGAGGGGCAGGCGGAATTCCTAG","k__Bacteria; p__Firmicutes; c__Clostridia; o__Clostridiales; f__Lachnospiraceae; g__; s__",0.849871692818731
"3425","OTU_3425","TACGTATGGGGCAAGCGTTATCCGGATTTACTGGGTGTAAAGGGAGCGTAGGCGGCCTGGCAAGCCTGATGTGAAATACCGGGGCCCAACCCCGGGGCTGCATTGGGAACTGCCAGGCTGGAGTGCCGGAGAGGCAGGCGGAATTCCTAG","k__Bacteria; p__Firmicutes; c__Clostridia; o__Clostridiales; f__Lachnospiraceae; g__; s__",0.727047330393226
"3427","OTU_3427","TACGTATGGGGCAAGCGTTATCCGGATTTACTGGGTGTAAAGGGAGCGTAGGCGGTACGGCAAGTCAGAAGTGAAAGCCTGGGGCTCAACCCCGGAATTGCTTTTGAAACTGTCGAACTAGAGTGTCGGAGGGGTAAGCGGAATTCCTAG","k__Bacteria; p__Firmicutes; c__Clostridia; o__Clostridiales; f__Lachnospiraceae; g__Anaerostipes; s__",0.999946963413008
"3443","OTU_3443","TACGTATGGTGCAAGCGTTATCCGGAATGACTGGGTGTAAAGGGAGCGTAGACGGTTGTACAAGTCTGATGTGAAAGCCCACGGCTCAACTGTGGGAGTGCATTGGAAACTGTAGAACTAGAGTATCGGAGAGGCAAGTGGAATTCCTAG","k__Bacteria; p__Firmicutes; c__Clostridia; o__Clostridiales; f__Lachnospiraceae",0.72834566039144
"3449","OTU_3449","TACGTATGGTGCAAGCGTTATCCGGATTTACTGGGCGTAAAGGGAGCGCAGGCGGCGCGCCAAGTCTGATGTGAAACCCCGGGGCTCAACCCCGGGCATGCATTGGAAACTGGCGGGCTGGAGTGCCGGAGAGGTAAGCGGAATTCCTAG","k__Bacteria; p__Firmicutes; c__Clostridia; o__Clostridiales; f__Lachnospiraceae; g__; s__",0.979876082920835
"3459","OTU_3459","TACGTATGGTGCAAGCGTTATCCGGATTTACTGGGTGTAAAGGGAGCGCAGGCGGCGCGTTAAGCCTGGTGTGAAAGCCCGCGGCCCAACCGCGGGACTGCATTGGGAACTGGCGCGCTGGAGTGCCGGAGGGGTAGGCGGAATTCCTAG","k__Bacteria; p__Firmicutes; c__Clostridia; o__Clostridiales",0.997448438440565
"3470","OTU_3470","TACGTATGGTGCAAGCGTTATCCGGATTTACTGGGTGTAAAGGGAGCGCAGGCGGTGCGGCAAGTCTGATGTGAAAGCCCGGGGCTCAACCCCGGGACTGCATTGGAAACTACCGAACTAGAGTGTCGGAGAGGTAAGTGGAATTCCTAG","k__Bacteria; p__Firmicutes; c__Clostridia; o__Clostridiales; f__Lachnospiraceae; g__Roseburia; s__",0.853974098817087
